{
  "providers": [
    {
      "type": "bitmap",
      "file": "fonts:1.png",
      "ascent": 7,
      "height": 8,
      "chars": [
        ""
      ]
    },
    {
      "type": "bitmap",
      "file": "fonts:2.png",
      "ascent": 7,
      "height": 8,
      "chars": [
        ""
      ]
    },
    {
      "type": "bitmap",
      "file": "fonts:zombie.png",
      "ascent": 18,
      "height": 25,
      "chars": [
        ""
      ]
    },
    {
      "type": "bitmap",
      "file": "fonts:skeleton.png",
      "ascent": 18,
      "height": 25,
      "chars": [
        ""
      ]
    },
    {
      "type": "bitmap",
      "file": "fonts:vindicator.png",
      "ascent": 18,
      "height": 25,
      "chars": [
        ""
      ]
    },
    {
      "type": "space",
      "advances":
      {
        "":-1,
        "":5,
        "":-1,
        "":-40,
        "":-45.5
      }    
    }
  ]
}
