{
    "model": {
        "type": "range_dispatch",
        "property": "custom_model_data",
        "fallback": {
            "type": "model",
            "model": "minecraft:item/amethyst_shard"
        },
        "entries": [
            {
                "threshold": 1,
                "model": {
                    "type": "model",
                    "model": "item/health_shard"
                }
            },
            {
                "threshold": 2,
                "model": {
                    "type": "model",
                    "model": "item/strength_shard"
                }
            },
            {
                "threshold": 3,
                "model": {
                    "type": "model",
                    "model": "item/regeneration_shard"
                }
            },
            {
                "threshold": 4,
                "model": {
                    "type": "model",
                    "model": "item/speed_shard"
                }
            }
        ]
    }
}