{
    "model": {
        "type": "range_dispatch",
        "property": "custom_model_data",
        "fallback": {
            "type": "model",
            "model": "item/rabbit_foot"
        },
        "entries": [
            {
                "threshold": 1,
                "model": {
                    "type": "model",
                    "model": "item/shop"
                }
            },
            {
                "threshold": 2,
                "model": {
                    "type": "model",
                    "model": "item/shop_closed"
                }
            },
            {
                "threshold": 11,
                "model": {
                    "type": "model",
                    "model": "block/custom/rizzler"
                }
            },
            {
                "threshold": 100,
                "model": {
                    "type": "model",
                    "model": "item/maxhealth"
                }
            },
            {
                "threshold": 101,
                "model": {
                    "type": "model",
                    "model": "item/regeneration"
                }
            },
            {
                "threshold": 102,
                "model": {
                    "type": "model",
                    "model": "item/strength"
                }
            },
            {
                "threshold": 103,
                "model": {
                    "type": "model",
                    "model": "item/defense"
                }
            }
        ]
    }
}