{
  "play.song.1": {
    "sounds": [
      {
        "name": "song/click"
      }
    ],
    "subtitle": "better call paul lil bro"
  },
  "play.song.2": {
    "sounds": [
      {
        "name": "song/ascend"
      }
    ],
    "subtitle": "crebs ahh song"
  },
  "play.song.3": {
    "sounds": [
      {
        "name": "song/grandmapocalypse"
      }
    ],
    "subtitle": "yeah this is from undertale i think"
  },
  "play.song.4": {
    "sounds": [
      {
        "name": "song/fucking_megalovania_lil_bitch"
      }
    ],
    "subtitle": "HOLY SHIT ITS ASNS UNDERTAEL"
  }
}
