{
	"parent": "item/generated",
	"textures": {
		"layer0": "item/rabbit_foot"
	},
	
	"overrides": [
		{"predicate": {"custom_model_data":1}, "model": "item/shop"},
    {"predicate": {"custom_model_data":2}, "model": "item/shop_closed"},
    {"predicate": {"custom_model_data":11}, "model": "block/custom/rizzler"},
    {"predicate": {"custom_model_data":100}, "model": "item/maxhealth"},
    {"predicate": {"custom_model_data":101}, "model": "item/regeneration"},
    {"predicate": {"custom_model_data":102}, "model": "item/strength"},
    {"predicate": {"custom_model_data":103}, "model": "item/defense"}
        
	]
}
