{
	"credit": "Made with Blockbench",
	"texture_size": [32, 32],
	"textures": {
		"0": "block/texture",
		"particle": "block/texture"
	},
	"elements": [
		{
			"from": [4, 7, 1],
			"to": [12, 17, 4],
			"rotation": {"angle": 0, "axis": "y", "origin": [4, 7, 1]},
			"faces": {
				"north": {"uv": [0, 0, 4, 5], "texture": "#0"},
				"east": {"uv": [6, 5, 7.5, 10], "texture": "#0"},
				"south": {"uv": [4, 0, 8, 5], "texture": "#0"},
				"west": {"uv": [7.5, 5, 9, 10], "texture": "#0"},
				"up": {"uv": [12, 1.5, 8, 0], "texture": "#0"},
				"down": {"uv": [12, 1.5, 8, 3], "texture": "#0"}
			}
		},
		{
			"from": [2, 11, 1],
			"to": [4, 17, 4],
			"rotation": {"angle": 0, "axis": "z", "origin": [2, 14, 2]},
			"faces": {
				"north": {"uv": [4.5, 12, 5.5, 15], "texture": "#0"},
				"east": {"uv": [10.5, 6.5, 12, 9.5], "texture": "#0"},
				"south": {"uv": [12, 4.5, 13, 7.5], "texture": "#0"},
				"west": {"uv": [10.5, 9.5, 12, 12.5], "texture": "#0"},
				"up": {"uv": [9, 4.5, 8, 3], "texture": "#0"},
				"down": {"uv": [14.5, 1.5, 13.5, 3], "texture": "#0"}
			}
		},
		{
			"from": [2, 9, 1],
			"to": [4, 11, 4],
			"rotation": {"angle": 0, "axis": "y", "origin": [2, 9, 3]},
			"faces": {
				"north": {"uv": [5.5, 14.5, 6.5, 15.5], "texture": "#0"},
				"east": {"uv": [3, 13.5, 4.5, 14.5], "texture": "#0"},
				"south": {"uv": [14.5, 12.5, 15.5, 13.5], "texture": "#0"},
				"west": {"uv": [5.5, 13.5, 7, 14.5], "texture": "#0"},
				"up": {"uv": [8, 15, 7, 13.5], "texture": "#0"},
				"down": {"uv": [9, 13.5, 8, 15], "texture": "#0"}
			}
		},
		{
			"from": [2, 9, 4],
			"to": [7, 11, 6],
			"rotation": {"angle": 0, "axis": "y", "origin": [3, 9, 6]},
			"faces": {
				"north": {"uv": [13, 4.5, 15.5, 5.5], "texture": "#0"},
				"east": {"uv": [14.5, 13.5, 15.5, 14.5], "texture": "#0"},
				"south": {"uv": [13, 5.5, 15.5, 6.5], "texture": "#0"},
				"west": {"uv": [14.5, 14.5, 15.5, 15.5], "texture": "#0"},
				"up": {"uv": [15.5, 7.5, 13, 6.5], "texture": "#0"},
				"down": {"uv": [15.5, 7.5, 13, 8.5], "texture": "#0"}
			}
		},
		{
			"from": [12, 11, 1],
			"to": [14, 17, 4],
			"rotation": {"angle": 0, "axis": "y", "origin": [14, 14, 3]},
			"faces": {
				"north": {"uv": [12, 7.5, 13, 10.5], "texture": "#0"},
				"east": {"uv": [0, 12, 1.5, 15], "texture": "#0"},
				"south": {"uv": [12, 10.5, 13, 13.5], "texture": "#0"},
				"west": {"uv": [12, 0, 13.5, 3], "texture": "#0"},
				"up": {"uv": [10, 15, 9, 13.5], "texture": "#0"},
				"down": {"uv": [13, 13.5, 12, 15], "texture": "#0"}
			}
		},
		{
			"from": [12, 9, 1],
			"to": [14, 11, 4],
			"rotation": {"angle": 0, "axis": "y", "origin": [14, 9, 3]},
			"faces": {
				"north": {"uv": [0, 15, 1, 16], "texture": "#0"},
				"east": {"uv": [10, 14, 11.5, 15], "texture": "#0"},
				"south": {"uv": [15, 0, 16, 1], "texture": "#0"},
				"west": {"uv": [13, 14, 14.5, 15], "texture": "#0"},
				"up": {"uv": [15.5, 3, 14.5, 1.5], "texture": "#0"},
				"down": {"uv": [4, 14.5, 3, 16], "texture": "#0"}
			}
		},
		{
			"from": [9, 9, 4],
			"to": [14, 11, 6],
			"rotation": {"angle": 0, "axis": "y", "origin": [14, 9, 4]},
			"faces": {
				"north": {"uv": [13, 8.5, 15.5, 9.5], "texture": "#0"},
				"east": {"uv": [1, 15, 2, 16], "texture": "#0"},
				"south": {"uv": [13, 9.5, 15.5, 10.5], "texture": "#0"},
				"west": {"uv": [2, 15, 3, 16], "texture": "#0"},
				"up": {"uv": [15.5, 11.5, 13, 10.5], "texture": "#0"},
				"down": {"uv": [15.5, 11.5, 13, 12.5], "texture": "#0"}
			}
		},
		{
			"from": [4, 0, 1],
			"to": [7, 7, 4],
			"rotation": {"angle": 0, "axis": "y", "origin": [4, 0, 1]},
			"faces": {
				"north": {"uv": [0, 8.5, 1.5, 12], "texture": "#0"},
				"east": {"uv": [1.5, 8.5, 3, 12], "texture": "#0"},
				"south": {"uv": [3, 8.5, 4.5, 12], "texture": "#0"},
				"west": {"uv": [4.5, 8.5, 6, 12], "texture": "#0"},
				"up": {"uv": [12, 14, 10.5, 12.5], "texture": "#0"},
				"down": {"uv": [14.5, 12.5, 13, 14], "texture": "#0"}
			}
		},
		{
			"from": [9, 0, 1],
			"to": [12, 7, 4],
			"rotation": {"angle": 0, "axis": "y", "origin": [9, 0, 1]},
			"faces": {
				"north": {"uv": [9, 3, 10.5, 6.5], "texture": "#0"},
				"east": {"uv": [9, 6.5, 10.5, 10], "texture": "#0"},
				"south": {"uv": [6, 10, 7.5, 13.5], "texture": "#0"},
				"west": {"uv": [7.5, 10, 9, 13.5], "texture": "#0"},
				"up": {"uv": [15, 1.5, 13.5, 0], "texture": "#0"},
				"down": {"uv": [3, 13.5, 1.5, 15], "texture": "#0"}
			}
		},
		{
			"from": [5, 17, 1],
			"to": [11, 24, 4],
			"rotation": {"angle": 0, "axis": "y", "origin": [5, 17, 1]},
			"faces": {
				"north": {"uv": [0, 5, 3, 8.5], "texture": "#0"},
				"east": {"uv": [9, 10, 10.5, 13.5], "texture": "#0"},
				"south": {"uv": [3, 5, 6, 8.5], "texture": "#0"},
				"west": {"uv": [10.5, 3, 12, 6.5], "texture": "#0"},
				"up": {"uv": [4.5, 13.5, 1.5, 12], "texture": "#0"},
				"down": {"uv": [15, 3, 12, 4.5], "texture": "#0"}
			}
		}
	],
	"groups": [
		{
			"name": "body",
			"origin": [8, 8, 8],
			"color": 0,
			"children": [
				{
					"name": "chest",
					"origin": [8, 8, 8],
					"color": 0,
					"children": [0]
				},
				{
					"name": "arms",
					"origin": [4, 7, 1],
					"color": 0,
					"children": [
						{
							"name": "right",
							"origin": [4, 7, 1],
							"color": 0,
							"children": [1, 2, 3]
						},
						{
							"name": "left",
							"origin": [4, 7, 1],
							"color": 0,
							"children": [4, 5, 6]
						}
					]
				},
				{
					"name": "legs",
					"origin": [1, 0, 1],
					"color": 0,
					"children": [7, 8]
				},
				{
					"name": "head",
					"origin": [8, 8, 8],
					"color": 0,
					"children": [9]
				}
			]
		}
	]
}