{
  "stonebreakthing": {
    "sounds": [
      "custom/click"
    ]
  },
  "upgrade": {
    "sounds": [
      "custom/upgrade"
    ]
  },
  "megalonerd": {
    "sounds": [
      "custom/megalovania"
    ]
  },
  "coolermegalonerd": {
    "sounds": [
      "custom/coolermegalovania"
    ]
  },
  "sewie": {
    "sounds": [
      "custom/thatonebangersong"
    ]
  },
  "trolled": {
    "sounds": [
      "custom/rickroll"
    ]
  },
  "intherain": {
    "sounds": [
      "custom/imcrying"
    ]
  }
}
