{
  "providers": [
    {
      "type": "bitmap",
      "file": "namespace:sigma.png",
      "ascent": -4,
      "height": 54,
      "chars": [
        "\uF002\uF003\uF004"
      ]
    },
    {
      "type": "space",
      "advances":{
        "\uF001":-1
      }
    },
    {
      "type": "bitmap",
      "file": "namespace:title.png",
      "ascent": 10,
      "height": 46,
      "chars": [
        "\uF005\uF006\uF007\uF008"
      ]
    },
    {
      "type": "bitmap",
      "file": "namespace:image.png",
      "ascent": 10,
      "height": 46,
      "chars": [
        "\uF009\uF010\uF011\uF012"
      ]
    },
    {
      "type": "bitmap",
      "file": "namespace:halonetwork.png",
      "ascent": 10,
      "height": 56,
      "chars": [
        "\uF013\uF014\uF015\uF016"
      ]
    }
  ]
}