{
  "providers": [
    {
      "type":"bitmap",
      "file":"fonts/sigma.png",
      "ascent":-4,
      "height":54,
      "chars": [
        "\uF007"
      ]
    },
    {
      "type": "space",
      "advances": {
        "\uF001": -1,
        "\uF002": -16,
        "\uF003": -128
      }
    },
    {
      "type": "bitmap",
      "file": "fonts/title.png",
      "ascent": 10,
      "height": 46,
      "chars": [
        "\uF004"
      ]
    },
    {
      "type": "bitmap",
      "file": "fonts/image.png",
      "ascent": 10,
      "height": 46,
      "chars": [
        "\uF005"
      ]
    },
    {
      "type": "bitmap",
      "file": "fonts/halonetwork.png",
      "ascent": 10,
      "height": 56,
      "chars": [
        "\uF006"
      ]
    }
  ]
}
